,$h_f$,$k_f$,$l_f$,$h_s$,$k_s$,$l_s$,$A$ (Å$^2$),$\epsilon$,$E_{it}$ $(J/m^2)$,$E_{el}$ $(eV/\atom)$,$E_{sp}$,$u_{f1}$,$v_{f1}$,$w_{f1}$,$u_{f2}$,$v_{f2}$,$w_{f2}$,$u_{s1}$,$v_{s1}$,$w_{s1}$,$u_{s2}$,$v_{s2}$,$w_{s2}$,$T$,$i_m$,$i_t$
0,-1,0,0,-1,1,1,16.248674328418588,0.006540245055421831,1.0595195977357004,-0.00023778279622395834,-176.04759216308594,0,1/2,1/2,0,-1/2,1/2,-1/3,-2/3,1/3,2/3,1/3,1/3,"('1_S_P4/mmm_1', '1_NiS_Pmm2_2')",0,0
3,-1,0,0,-1,1,1,16.248674328418588,0.006540245055421831,1.0642439489589155,-0.00023778279622395834,-176.0380096435547,0,1/2,1/2,0,-1/2,1/2,-1/3,-2/3,1/3,2/3,1/3,1/3,"('2_Li_P4/mmm_2', '1_NiS_Pmm2_2')",0,3
4,-1,0,0,-1,1,1,16.248674328418588,0.006540245055421831,1.0679075780125868,-0.00023778279622395834,-176.03057861328125,0,1/2,1/2,0,-1/2,1/2,-1/3,-2/3,1/3,2/3,1/3,1/3,"('2_Li_P4/mmm_2', '2_NiS_Pmm2_2')",0,4
2,-1,0,0,-1,1,1,16.248674328418588,0.006540245055421831,1.2982573144056506,-0.00023778279622395834,-175.5633544921875,0,1/2,1/2,0,-1/2,1/2,-1/3,-2/3,1/3,2/3,1/3,1/3,"('1_S_P4/mmm_1', '3_Ni_P4/mmm_1')",0,2
5,-1,0,0,-1,1,1,16.248674328418588,0.006540245055421831,1.6787556591811168,-0.00023778279622395834,-174.7915802001953,0,1/2,1/2,0,-1/2,1/2,-1/3,-2/3,1/3,2/3,1/3,1/3,"('2_Li_P4/mmm_2', '3_Ni_P4/mmm_1')",0,5
1,-1,0,0,-1,1,1,16.248674328418588,0.006540245055421831,1.8336436644912666,-0.00023778279622395834,-174.4774169921875,0,1/2,1/2,0,-1/2,1/2,-1/3,-2/3,1/3,2/3,1/3,1/3,"('1_S_P4/mmm_1', '2_NiS_Pmm2_2')",0,1
