,$h_f$,$k_f$,$l_f$,$h_s$,$k_s$,$l_s$,$A$ (Å$^2$),$\epsilon$,$E_{it}$ $(J/m^2)$,$E_{bd}$ $(J/m^2)$,$E_{el}$ $(eV/\atom)$,$E_{sp}$,$u_{f1}$,$v_{f1}$,$w_{f1}$,$u_{f2}$,$v_{f2}$,$w_{f2}$,$u_{s1}$,$v_{s1}$,$w_{s1}$,$u_{s2}$,$v_{s2}$,$w_{s2}$,$T$,$i_m$,$i_t$
2,-1,0,0,0,-1,1,16.07635339433898,0.006540245055421958,0.5976011296987153,-3.164612379172856,0.00033103095160590275,-173.78564453125,0,1/2,1/2,0,-1/2,1/2,-1/3,1/3,1/3,2/3,1/3,1/3,"('1_S_P4/mmm_1', '3_Ni_P4/mmm_1')",0,2
4,-1,0,0,0,-1,1,16.07635339433898,0.006540245055421958,1.461695078805729,-2.2962469773873133,0.00023990207248263888,-172.92002868652344,0,1/2,1/2,0,-1/2,1/2,-1/3,1/3,1/3,2/3,1/3,1/3,"('2_Li_P4/mmm_2', '2_NiS_Pmm2_2')",0,4
5,-1,0,0,0,-1,1,16.07635339433898,0.006540245055421958,1.5288338868412699,-2.234343831459636,0.0002475314670138889,-172.85061645507812,0,1/2,1/2,0,-1/2,1/2,-1/3,1/3,1/3,2/3,1/3,1/3,"('2_Li_P4/mmm_2', '3_Ni_P4/mmm_1')",0,5
0,-1,0,0,0,-1,1,16.07635339433898,0.006540245055421958,0.9177460348330808,-2.0660742565773735,0.0003094143337673611,-174.24569702148438,0,1/2,1/2,0,-1/2,1/2,-1/3,1/3,1/3,2/3,1/3,1/3,"('1_S_P4/mmm_1', '1_NiS_Pmm2_2')",0,0
1,-1,0,0,0,-1,1,16.07635339433898,0.006540245055421958,1.8736186568249291,-1.8836437445505636,0.0003094143337673611,-172.50732421875,0,1/2,1/2,0,-1/2,1/2,-1/3,1/3,1/3,2/3,1/3,1/3,"('1_S_P4/mmm_1', '2_NiS_Pmm2_2')",0,1
3,-1,0,0,0,-1,1,16.07635339433898,0.006540245055421958,1.1237936039056327,-1.862946948675947,0.00023990207248263888,-174.0405731201172,0,1/2,1/2,0,-1/2,1/2,-1/3,1/3,1/3,2/3,1/3,1/3,"('2_Li_P4/mmm_2', '1_NiS_Pmm2_2')",0,3
